{
   "charging_pose" : {
      "orientation" : 0.33030970709614749,
      "x" : -0.069224303767969841,
      "y" : 0.0028550261088025049
   },
   "map0_work.csv" : {
      "map_size" : 1088.3725000000002
   }
}
